<?xml version="1.0" encoding="UTF-8"?>
<tour start="node1" apprev="18007" appversion="6.1.10">
  <panorama hideabout="1" id="node1">
    <input tile1url="images/R0020019_HDR-Edit_RGB_color_0000_o_1.jpg" prev1url="images/R0020019_HDR-Edit_RGB_color_0000_o_preview_1.jpg" tilesize="953" tilevrurl="images/R0020019_HDR-Edit_RGB_color_0000_ovr.jpg" prev3url="images/R0020019_HDR-Edit_RGB_color_0000_o_preview_3.jpg" tile2url="images/R0020019_HDR-Edit_RGB_color_0000_o_2.jpg" tile3url="images/R0020019_HDR-Edit_RGB_color_0000_o_3.jpg" prev2url="images/R0020019_HDR-Edit_RGB_color_0000_o_preview_2.jpg" tile5url="images/R0020019_HDR-Edit_RGB_color_0000_o_5.jpg" levelingroll="0" tile0url="images/R0020019_HDR-Edit_RGB_color_0000_o_0.jpg" prev4url="images/R0020019_HDR-Edit_RGB_color_0000_o_preview_4.jpg" levelingpitch="0" tilescale="1.010493" tile4url="images/R0020019_HDR-Edit_RGB_color_0000_o_4.jpg" prev0url="images/R0020019_HDR-Edit_RGB_color_0000_o_preview_0.jpg" prev5url="images/R0020019_HDR-Edit_RGB_color_0000_o_preview_5.jpg">
      <preview color="0x808080"/>
    </input>
    <view fovmode="0" pannorth="260.71">
      <start pan="150" tilt="0" projection="4" fov="80"/>
      <flyin pan="0" tilt="-90" projection="9" fov="170"/>
      <min pan="0" tilt="-80" fov="80"/>
      <max pan="360" tilt="70" fovfisheye="360" scaletofit="1" fov="80" fovstereographic="270"/>
    </view>
    <userdata copyright="" tags="2060 03 Post Processed" datetime="2021-01-28 1:33 PM" author="" title="THETA_PITCH=0.99 THETA_ROLL=359.64" latitude="" nodeid="node1" description="" longitude="" source="" comment="" info="" heading="260.71" customnodeid=""/>
    <hotspots wordwrap="1" height="20" width="180">
      <label enabled="1" backgroundalpha="1" borderradius="1" backgroundcolor="0xffffff" textalpha="1" wordwrap="1" height="20" textcolor="0x000000" background="1" border="1" bordercolor="0x000000" width="180" borderalpha="1"/>
      <polystyle handcursor="1" backgroundalpha="0.25098" backgroundcolor="0x0000ff" mode="0" bordercolor="0x0000ff" borderalpha="1"/>
      <hotspot target="" pan="-241.52" skinid="ht_node" tilt="0" url="{node2}" title="THETA_PITCH=1.10 THETA_ROLL=359.32" id="Point01" description=""/>
      <hotspot target="" pan="-180" skinid="ht_node" tilt="0" url="{node3}" title="THETA_PITCH=1.01 THETA_ROLL=359.50" id="Point02" description=""/>
    </hotspots>
    <media/>
    <transition zoomin="0" zoomoutpause="1" blendcolor="0x000000" enabled="1" zoomafterinfov="90" zoomfov="20" zoomout="0" zoomafteroutfov="20" softedge="0" zoomspeed="2" type="crossdissolve" blendtime="1"/>
    <animation useinautorotation="0" animsequence="Animation01" syncanimationwithvideo="0"/>
    <control contextprojections="0" hideabout="1" rubberband="0" invertwheel="0" lockedwheel="0" lockedkeyboard="0" contextfullscreen="1" invertcontrol="1" lockedkeyboardzoom="0" lockedmouse="0" sensitivity="8" simulatemass="1" dblclickfullscreen="0" speedwheel="1"/>
  </panorama>
  <panorama hideabout="1" id="node2">
    <input tile1url="images/R0020020_HDR-Edit_o_1.jpg" prev1url="images/R0020020_HDR-Edit_o_preview_1.jpg" tilesize="953" tilevrurl="images/R0020020_HDR-Edit_ovr.jpg" prev3url="images/R0020020_HDR-Edit_o_preview_3.jpg" tile2url="images/R0020020_HDR-Edit_o_2.jpg" tile3url="images/R0020020_HDR-Edit_o_3.jpg" prev2url="images/R0020020_HDR-Edit_o_preview_2.jpg" tile5url="images/R0020020_HDR-Edit_o_5.jpg" levelingroll="0" tile0url="images/R0020020_HDR-Edit_o_0.jpg" prev4url="images/R0020020_HDR-Edit_o_preview_4.jpg" levelingpitch="0" tilescale="1.010493" tile4url="images/R0020020_HDR-Edit_o_4.jpg" prev0url="images/R0020020_HDR-Edit_o_preview_0.jpg" prev5url="images/R0020020_HDR-Edit_o_preview_5.jpg">
      <preview color="0x808080"/>
    </input>
    <view fovmode="0" pannorth="265.57">
      <start pan="150" tilt="0" projection="4" fov="80"/>
      <flyin pan="0" tilt="-90" projection="9" fov="170"/>
      <min pan="0" tilt="-80" fov="80"/>
      <max pan="360" tilt="70" fovfisheye="360" scaletofit="1" fov="80" fovstereographic="270"/>
    </view>
    <userdata copyright="" tags="2060 03 Post Processed" datetime="2021-01-28 1:34 PM" author="" title="THETA_PITCH=1.10 THETA_ROLL=359.32" latitude="" nodeid="node2" description="" longitude="" source="" comment="" info="" heading="265.57" customnodeid=""/>
    <hotspots wordwrap="1" height="20" width="180">
      <label enabled="1" backgroundalpha="1" borderradius="1" backgroundcolor="0xffffff" textalpha="1" wordwrap="1" height="20" textcolor="0x000000" background="1" border="1" bordercolor="0x000000" width="180" borderalpha="1"/>
      <polystyle handcursor="1" backgroundalpha="0.25098" backgroundcolor="0x0000ff" mode="0" bordercolor="0x0000ff" borderalpha="1"/>
      <hotspot target="" pan="-70.62" skinid="ht_node" tilt="0" url="{node1}" title="THETA_PITCH=0.99 THETA_ROLL=359.64" id="Point01" description=""/>
    </hotspots>
    <media/>
    <transition zoomin="0" zoomoutpause="1" blendcolor="0x000000" enabled="1" zoomafterinfov="90" zoomfov="20" zoomout="0" zoomafteroutfov="20" softedge="0" zoomspeed="2" type="crossdissolve" blendtime="1"/>
    <animation useinautorotation="0" animsequence="Animation01" syncanimationwithvideo="0"/>
    <control contextprojections="0" hideabout="1" rubberband="0" invertwheel="0" lockedwheel="0" lockedkeyboard="0" contextfullscreen="1" invertcontrol="1" lockedkeyboardzoom="0" lockedmouse="0" sensitivity="8" simulatemass="1" dblclickfullscreen="0" speedwheel="1"/>
  </panorama>
  <panorama hideabout="1" id="node3">
    <input tile1url="images/R0020021_HDR-Edit_RGB_color_0000_o_1.jpg" prev1url="images/R0020021_HDR-Edit_RGB_color_0000_o_preview_1.jpg" tilesize="953" tilevrurl="images/R0020021_HDR-Edit_RGB_color_0000_ovr.jpg" prev3url="images/R0020021_HDR-Edit_RGB_color_0000_o_preview_3.jpg" tile2url="images/R0020021_HDR-Edit_RGB_color_0000_o_2.jpg" tile3url="images/R0020021_HDR-Edit_RGB_color_0000_o_3.jpg" prev2url="images/R0020021_HDR-Edit_RGB_color_0000_o_preview_2.jpg" tile5url="images/R0020021_HDR-Edit_RGB_color_0000_o_5.jpg" levelingroll="0" tile0url="images/R0020021_HDR-Edit_RGB_color_0000_o_0.jpg" prev4url="images/R0020021_HDR-Edit_RGB_color_0000_o_preview_4.jpg" levelingpitch="0" tilescale="1.010493" tile4url="images/R0020021_HDR-Edit_RGB_color_0000_o_4.jpg" prev0url="images/R0020021_HDR-Edit_RGB_color_0000_o_preview_0.jpg" prev5url="images/R0020021_HDR-Edit_RGB_color_0000_o_preview_5.jpg">
      <preview color="0x808080"/>
    </input>
    <view fovmode="0" pannorth="263.07">
      <start pan="170" tilt="0" projection="4" fov="80"/>
      <flyin pan="0" tilt="-90" projection="9" fov="170"/>
      <min pan="0" tilt="-80" fov="80"/>
      <max pan="360" tilt="70" fovfisheye="360" scaletofit="1" fov="80" fovstereographic="270"/>
    </view>
    <userdata copyright="" tags="2060 03 Post Processed" datetime="2021-01-28 1:35 PM" author="" title="THETA_PITCH=1.01 THETA_ROLL=359.50" latitude="" nodeid="node3" description="" longitude="" source="" comment="" info="" heading="263.07" customnodeid=""/>
    <hotspots wordwrap="1" height="20" width="180">
      <label enabled="1" backgroundalpha="1" borderradius="1" backgroundcolor="0xffffff" textalpha="1" wordwrap="1" height="20" textcolor="0x000000" background="1" border="1" bordercolor="0x000000" width="180" borderalpha="1"/>
      <polystyle handcursor="1" backgroundalpha="0.25098" backgroundcolor="0x0000ff" mode="0" bordercolor="0x0000ff" borderalpha="1"/>
      <hotspot target="" pan="-358.16" skinid="ht_node" tilt="0" url="{node1}" title="THETA_PITCH=0.99 THETA_ROLL=359.64" id="Point01" description=""/>
      <hotspot target="" pan="-181.71" skinid="ht_node" tilt="0" url="{node4}" title="THETA_PITCH=0.45 THETA_ROLL=359.53" id="Point02" description=""/>
      <hotspot target="" pan="-207.84" skinid="ht_upstairs" tilt="0" url="{node7}" title="THETA_PITCH=0.58 THETA_ROLL=359.51" id="Point03" description=""/>
      <hotspot target="" pan="-333.87" skinid="ht_downstairs" tilt="0" url="{node14}" title="THETA_PITCH=0.85 THETA_ROLL=0.01" id="Point04" description=""/>
    </hotspots>
    <media/>
    <transition zoomin="0" zoomoutpause="1" blendcolor="0x000000" enabled="1" zoomafterinfov="90" zoomfov="20" zoomout="0" zoomafteroutfov="20" softedge="0" zoomspeed="2" type="crossdissolve" blendtime="1"/>
    <animation useinautorotation="0" animsequence="Animation01" syncanimationwithvideo="0"/>
    <control contextprojections="0" hideabout="1" rubberband="0" invertwheel="0" lockedwheel="0" lockedkeyboard="0" contextfullscreen="1" invertcontrol="1" lockedkeyboardzoom="0" lockedmouse="0" sensitivity="8" simulatemass="1" dblclickfullscreen="0" speedwheel="1"/>
  </panorama>
  <panorama hideabout="1" id="node4">
    <input tile1url="images/R0020022_HDR-Edit_RGB_color_0000_o_1.jpg" prev1url="images/R0020022_HDR-Edit_RGB_color_0000_o_preview_1.jpg" tilesize="953" tilevrurl="images/R0020022_HDR-Edit_RGB_color_0000_ovr.jpg" prev3url="images/R0020022_HDR-Edit_RGB_color_0000_o_preview_3.jpg" tile2url="images/R0020022_HDR-Edit_RGB_color_0000_o_2.jpg" tile3url="images/R0020022_HDR-Edit_RGB_color_0000_o_3.jpg" prev2url="images/R0020022_HDR-Edit_RGB_color_0000_o_preview_2.jpg" tile5url="images/R0020022_HDR-Edit_RGB_color_0000_o_5.jpg" levelingroll="0" tile0url="images/R0020022_HDR-Edit_RGB_color_0000_o_0.jpg" prev4url="images/R0020022_HDR-Edit_RGB_color_0000_o_preview_4.jpg" levelingpitch="0" tilescale="1.010493" tile4url="images/R0020022_HDR-Edit_RGB_color_0000_o_4.jpg" prev0url="images/R0020022_HDR-Edit_RGB_color_0000_o_preview_0.jpg" prev5url="images/R0020022_HDR-Edit_RGB_color_0000_o_preview_5.jpg">
      <preview color="0x808080"/>
    </input>
    <view fovmode="0" pannorth="262.25">
      <start pan="-150" tilt="0" projection="4" fov="80"/>
      <flyin pan="0" tilt="-90" projection="9" fov="170"/>
      <min pan="0" tilt="-80" fov="80"/>
      <max pan="360" tilt="70" fovfisheye="360" scaletofit="1" fov="80" fovstereographic="270"/>
    </view>
    <userdata copyright="" tags="2060 03 Post Processed" datetime="2021-01-28 1:36 PM" author="" title="THETA_PITCH=0.45 THETA_ROLL=359.53" latitude="" nodeid="node4" description="" longitude="" source="" comment="" info="" heading="262.25" customnodeid=""/>
    <hotspots wordwrap="1" height="20" width="180">
      <label enabled="1" backgroundalpha="1" borderradius="1" backgroundcolor="0xffffff" textalpha="1" wordwrap="1" height="20" textcolor="0x000000" background="1" border="1" bordercolor="0x000000" width="180" borderalpha="1"/>
      <polystyle handcursor="1" backgroundalpha="0.25098" backgroundcolor="0x0000ff" mode="0" bordercolor="0x0000ff" borderalpha="1"/>
      <hotspot target="" pan="-3.07" skinid="ht_node" tilt="0" url="{node3}" title="THETA_PITCH=1.01 THETA_ROLL=359.50" id="Point01" description=""/>
      <hotspot target="" pan="-168.68" skinid="ht_node" tilt="0" url="{node5}" title="THETA_PITCH=0.70 THETA_ROLL=359.50" id="Point02" description=""/>
      <hotspot target="" pan="-102.31" skinid="ht_node" tilt="0" url="{node6}" title="THETA_PITCH=0.68 THETA_ROLL=359.39" id="Point03" description=""/>
      <hotspot target="" pan="-337.7" skinid="ht_upstairs" tilt="-10" url="{node7}" title="THETA_PITCH=0.58 THETA_ROLL=359.51" id="Point04" description=""/>
    </hotspots>
    <media/>
    <transition zoomin="0" zoomoutpause="1" blendcolor="0x000000" enabled="1" zoomafterinfov="90" zoomfov="20" zoomout="0" zoomafteroutfov="20" softedge="0" zoomspeed="2" type="crossdissolve" blendtime="1"/>
    <animation useinautorotation="0" animsequence="Animation01" syncanimationwithvideo="0"/>
    <control contextprojections="0" hideabout="1" rubberband="0" invertwheel="0" lockedwheel="0" lockedkeyboard="0" contextfullscreen="1" invertcontrol="1" lockedkeyboardzoom="0" lockedmouse="0" sensitivity="8" simulatemass="1" dblclickfullscreen="0" speedwheel="1"/>
  </panorama>
  <panorama hideabout="1" id="node5">
    <input tile1url="images/R0020023_HDR-Edit_RGB_color_0000_o_1.jpg" prev1url="images/R0020023_HDR-Edit_RGB_color_0000_o_preview_1.jpg" tilesize="953" tilevrurl="images/R0020023_HDR-Edit_RGB_color_0000_ovr.jpg" prev3url="images/R0020023_HDR-Edit_RGB_color_0000_o_preview_3.jpg" tile2url="images/R0020023_HDR-Edit_RGB_color_0000_o_2.jpg" tile3url="images/R0020023_HDR-Edit_RGB_color_0000_o_3.jpg" prev2url="images/R0020023_HDR-Edit_RGB_color_0000_o_preview_2.jpg" tile5url="images/R0020023_HDR-Edit_RGB_color_0000_o_5.jpg" levelingroll="0" tile0url="images/R0020023_HDR-Edit_RGB_color_0000_o_0.jpg" prev4url="images/R0020023_HDR-Edit_RGB_color_0000_o_preview_4.jpg" levelingpitch="0" tilescale="1.010493" tile4url="images/R0020023_HDR-Edit_RGB_color_0000_o_4.jpg" prev0url="images/R0020023_HDR-Edit_RGB_color_0000_o_preview_0.jpg" prev5url="images/R0020023_HDR-Edit_RGB_color_0000_o_preview_5.jpg">
      <preview color="0x808080"/>
    </input>
    <view fovmode="0" pannorth="269.19">
      <start pan="0" tilt="0" projection="4" fov="80"/>
      <flyin pan="0" tilt="-90" projection="9" fov="170"/>
      <min pan="0" tilt="-80" fov="80"/>
      <max pan="360" tilt="70" fovfisheye="360" scaletofit="1" fov="80" fovstereographic="270"/>
    </view>
    <userdata copyright="" tags="2060 03 Post Processed" datetime="2021-01-28 1:37 PM" author="" title="THETA_PITCH=0.70 THETA_ROLL=359.50" latitude="" nodeid="node5" description="" longitude="" source="" comment="" info="" heading="269.19" customnodeid=""/>
    <hotspots wordwrap="1" height="20" width="180">
      <label enabled="1" backgroundalpha="1" borderradius="1" backgroundcolor="0xffffff" textalpha="1" wordwrap="1" height="20" textcolor="0x000000" background="1" border="1" bordercolor="0x000000" width="180" borderalpha="1"/>
      <polystyle handcursor="1" backgroundalpha="0.25098" backgroundcolor="0x0000ff" mode="0" bordercolor="0x0000ff" borderalpha="1"/>
      <hotspot target="" pan="-340.55" skinid="ht_node" tilt="0" url="{node4}" title="THETA_PITCH=0.45 THETA_ROLL=359.53" id="Point01" description=""/>
      <hotspot target="" pan="-18.02" skinid="ht_node" tilt="0" url="{node6}" title="THETA_PITCH=0.68 THETA_ROLL=359.39" id="Point02" description=""/>
    </hotspots>
    <media/>
    <transition zoomin="0" zoomoutpause="1" blendcolor="0x000000" enabled="1" zoomafterinfov="90" zoomfov="20" zoomout="0" zoomafteroutfov="20" softedge="0" zoomspeed="2" type="crossdissolve" blendtime="1"/>
    <animation useinautorotation="0" animsequence="Animation01" syncanimationwithvideo="0"/>
    <control contextprojections="0" hideabout="1" rubberband="0" invertwheel="0" lockedwheel="0" lockedkeyboard="0" contextfullscreen="1" invertcontrol="1" lockedkeyboardzoom="0" lockedmouse="0" sensitivity="8" simulatemass="1" dblclickfullscreen="0" speedwheel="1"/>
  </panorama>
  <panorama hideabout="1" id="node6">
    <input tile1url="images/R0020024_HDR-Edit_RGB_color_0000_o_1.jpg" prev1url="images/R0020024_HDR-Edit_RGB_color_0000_o_preview_1.jpg" tilesize="953" tilevrurl="images/R0020024_HDR-Edit_RGB_color_0000_ovr.jpg" prev3url="images/R0020024_HDR-Edit_RGB_color_0000_o_preview_3.jpg" tile2url="images/R0020024_HDR-Edit_RGB_color_0000_o_2.jpg" tile3url="images/R0020024_HDR-Edit_RGB_color_0000_o_3.jpg" prev2url="images/R0020024_HDR-Edit_RGB_color_0000_o_preview_2.jpg" tile5url="images/R0020024_HDR-Edit_RGB_color_0000_o_5.jpg" levelingroll="0" tile0url="images/R0020024_HDR-Edit_RGB_color_0000_o_0.jpg" prev4url="images/R0020024_HDR-Edit_RGB_color_0000_o_preview_4.jpg" levelingpitch="0" tilescale="1.010493" tile4url="images/R0020024_HDR-Edit_RGB_color_0000_o_4.jpg" prev0url="images/R0020024_HDR-Edit_RGB_color_0000_o_preview_0.jpg" prev5url="images/R0020024_HDR-Edit_RGB_color_0000_o_preview_5.jpg">
      <preview color="0x808080"/>
    </input>
    <view fovmode="0" pannorth="29.94">
      <start pan="160" tilt="0" projection="4" fov="80"/>
      <flyin pan="0" tilt="-90" projection="9" fov="170"/>
      <min pan="0" tilt="-80" fov="80"/>
      <max pan="360" tilt="70" fovfisheye="360" scaletofit="1" fov="80" fovstereographic="270"/>
    </view>
    <userdata copyright="" tags="2060 03 Post Processed" datetime="2021-01-28 1:37 PM" author="" title="THETA_PITCH=0.68 THETA_ROLL=359.39" latitude="" nodeid="node6" description="" longitude="" source="" comment="" info="" heading="29.94" customnodeid=""/>
    <hotspots wordwrap="1" height="20" width="180">
      <label enabled="1" backgroundalpha="1" borderradius="1" backgroundcolor="0xffffff" textalpha="1" wordwrap="1" height="20" textcolor="0x000000" background="1" border="1" bordercolor="0x000000" width="180" borderalpha="1"/>
      <polystyle handcursor="1" backgroundalpha="0.25098" backgroundcolor="0x0000ff" mode="0" bordercolor="0x0000ff" borderalpha="1"/>
      <hotspot target="" pan="-10.62" skinid="ht_node" tilt="0" url="{node5}" title="THETA_PITCH=0.70 THETA_ROLL=359.50" id="Point01" description=""/>
      <hotspot target="" pan="-101.23" skinid="ht_node" tilt="0" url="{node4}" title="THETA_PITCH=0.45 THETA_ROLL=359.53" id="Point02" description=""/>
    </hotspots>
    <media/>
    <transition zoomin="0" zoomoutpause="1" blendcolor="0x000000" enabled="1" zoomafterinfov="90" zoomfov="20" zoomout="0" zoomafteroutfov="20" softedge="0" zoomspeed="2" type="crossdissolve" blendtime="1"/>
    <animation useinautorotation="0" animsequence="Animation01" syncanimationwithvideo="0"/>
    <control contextprojections="0" hideabout="1" rubberband="0" invertwheel="0" lockedwheel="0" lockedkeyboard="0" contextfullscreen="1" invertcontrol="1" lockedkeyboardzoom="0" lockedmouse="0" sensitivity="8" simulatemass="1" dblclickfullscreen="0" speedwheel="1"/>
  </panorama>
  <panorama hideabout="1" id="node7">
    <input tile1url="images/R0020025_HDR-Edit_RGB_color_0000_o_1.jpg" prev1url="images/R0020025_HDR-Edit_RGB_color_0000_o_preview_1.jpg" tilesize="953" tilevrurl="images/R0020025_HDR-Edit_RGB_color_0000_ovr.jpg" prev3url="images/R0020025_HDR-Edit_RGB_color_0000_o_preview_3.jpg" tile2url="images/R0020025_HDR-Edit_RGB_color_0000_o_2.jpg" tile3url="images/R0020025_HDR-Edit_RGB_color_0000_o_3.jpg" prev2url="images/R0020025_HDR-Edit_RGB_color_0000_o_preview_2.jpg" tile5url="images/R0020025_HDR-Edit_RGB_color_0000_o_5.jpg" levelingroll="0" tile0url="images/R0020025_HDR-Edit_RGB_color_0000_o_0.jpg" prev4url="images/R0020025_HDR-Edit_RGB_color_0000_o_preview_4.jpg" levelingpitch="0" tilescale="1.010493" tile4url="images/R0020025_HDR-Edit_RGB_color_0000_o_4.jpg" prev0url="images/R0020025_HDR-Edit_RGB_color_0000_o_preview_0.jpg" prev5url="images/R0020025_HDR-Edit_RGB_color_0000_o_preview_5.jpg">
      <preview color="0x808080"/>
    </input>
    <view fovmode="0" pannorth="34.57">
      <start pan="0" tilt="0" projection="4" fov="80"/>
      <flyin pan="0" tilt="-90" projection="9" fov="170"/>
      <min pan="0" tilt="-80" fov="80"/>
      <max pan="360" tilt="70" fovfisheye="360" scaletofit="1" fov="80" fovstereographic="270"/>
    </view>
    <userdata copyright="" tags="2060 03 Post Processed" datetime="2021-01-28 1:39 PM" author="" title="THETA_PITCH=0.58 THETA_ROLL=359.51" latitude="" nodeid="node7" description="" longitude="" source="" comment="" info="" heading="34.57" customnodeid=""/>
    <hotspots wordwrap="1" height="20" width="180">
      <label enabled="1" backgroundalpha="1" borderradius="1" backgroundcolor="0xffffff" textalpha="1" wordwrap="1" height="20" textcolor="0x000000" background="1" border="1" bordercolor="0x000000" width="180" borderalpha="1"/>
      <polystyle handcursor="1" backgroundalpha="0.25098" backgroundcolor="0x0000ff" mode="0" bordercolor="0x0000ff" borderalpha="1"/>
      <hotspot target="" pan="-183.46" skinid="ht_node" tilt="0" url="{node8}" title="THETA_PITCH=1.34 THETA_ROLL=359.21" id="Point01" description=""/>
      <hotspot target="" pan="-227.16" skinid="ht_node" tilt="0" url="{node9}" title="THETA_PITCH=1.33 THETA_ROLL=359.36" id="Point02" description=""/>
      <hotspot target="" pan="-312.88" skinid="ht_node" tilt="0" url="{node10}" title="THETA_PITCH=0.95 THETA_ROLL=359.65" id="Point03" description=""/>
      <hotspot target="" pan="-357.14" skinid="ht_node" tilt="0" url="{node11}" title="THETA_PITCH=0.37 THETA_ROLL=359.13" id="Point04" description=""/>
      <hotspot target="" pan="-144.19" skinid="ht_downstairs" tilt="0" url="{node3}" title="THETA_PITCH=1.01 THETA_ROLL=359.50" id="Point05" description=""/>
    </hotspots>
    <media/>
    <transition zoomin="0" zoomoutpause="1" blendcolor="0x000000" enabled="1" zoomafterinfov="90" zoomfov="20" zoomout="0" zoomafteroutfov="20" softedge="0" zoomspeed="2" type="crossdissolve" blendtime="1"/>
    <animation useinautorotation="0" animsequence="Animation01" syncanimationwithvideo="0"/>
    <control contextprojections="0" hideabout="1" rubberband="0" invertwheel="0" lockedwheel="0" lockedkeyboard="0" contextfullscreen="1" invertcontrol="1" lockedkeyboardzoom="0" lockedmouse="0" sensitivity="8" simulatemass="1" dblclickfullscreen="0" speedwheel="1"/>
  </panorama>
  <panorama hideabout="1" id="node8">
    <input tile1url="images/R0020026_HDR-Edit_RGB_color_0000_o_1.jpg" prev1url="images/R0020026_HDR-Edit_RGB_color_0000_o_preview_1.jpg" tilesize="953" tilevrurl="images/R0020026_HDR-Edit_RGB_color_0000_ovr.jpg" prev3url="images/R0020026_HDR-Edit_RGB_color_0000_o_preview_3.jpg" tile2url="images/R0020026_HDR-Edit_RGB_color_0000_o_2.jpg" tile3url="images/R0020026_HDR-Edit_RGB_color_0000_o_3.jpg" prev2url="images/R0020026_HDR-Edit_RGB_color_0000_o_preview_2.jpg" tile5url="images/R0020026_HDR-Edit_RGB_color_0000_o_5.jpg" levelingroll="0" tile0url="images/R0020026_HDR-Edit_RGB_color_0000_o_0.jpg" prev4url="images/R0020026_HDR-Edit_RGB_color_0000_o_preview_4.jpg" levelingpitch="0" tilescale="1.010493" tile4url="images/R0020026_HDR-Edit_RGB_color_0000_o_4.jpg" prev0url="images/R0020026_HDR-Edit_RGB_color_0000_o_preview_0.jpg" prev5url="images/R0020026_HDR-Edit_RGB_color_0000_o_preview_5.jpg">
      <preview color="0x808080"/>
    </input>
    <view fovmode="0" pannorth="263.06">
      <start pan="30" tilt="0" projection="4" fov="80"/>
      <flyin pan="0" tilt="-90" projection="9" fov="170"/>
      <min pan="0" tilt="-80" fov="80"/>
      <max pan="360" tilt="70" fovfisheye="360" scaletofit="1" fov="80" fovstereographic="270"/>
    </view>
    <userdata copyright="" tags="2060 03 Post Processed" datetime="2021-01-28 1:39 PM" author="" title="THETA_PITCH=1.34 THETA_ROLL=359.21" latitude="" nodeid="node8" description="" longitude="" source="" comment="" info="" heading="263.06" customnodeid=""/>
    <hotspots wordwrap="1" height="20" width="180">
      <label enabled="1" backgroundalpha="1" borderradius="1" backgroundcolor="0xffffff" textalpha="1" wordwrap="1" height="20" textcolor="0x000000" background="1" border="1" bordercolor="0x000000" width="180" borderalpha="1"/>
      <polystyle handcursor="1" backgroundalpha="0.25098" backgroundcolor="0x0000ff" mode="0" bordercolor="0x0000ff" borderalpha="1"/>
      <hotspot target="" pan="-158.61" skinid="ht_node" tilt="0" url="{node7}" title="THETA_PITCH=0.58 THETA_ROLL=359.51" id="Point01" description=""/>
    </hotspots>
    <media/>
    <transition zoomin="0" zoomoutpause="1" blendcolor="0x000000" enabled="1" zoomafterinfov="90" zoomfov="20" zoomout="0" zoomafteroutfov="20" softedge="0" zoomspeed="2" type="crossdissolve" blendtime="1"/>
    <animation useinautorotation="0" animsequence="Animation01" syncanimationwithvideo="0"/>
    <control contextprojections="0" hideabout="1" rubberband="0" invertwheel="0" lockedwheel="0" lockedkeyboard="0" contextfullscreen="1" invertcontrol="1" lockedkeyboardzoom="0" lockedmouse="0" sensitivity="8" simulatemass="1" dblclickfullscreen="0" speedwheel="1"/>
  </panorama>
  <panorama hideabout="1" id="node9">
    <input tile1url="images/R0020027_HDR-Edit_RGB_color_0000_o_1.jpg" prev1url="images/R0020027_HDR-Edit_RGB_color_0000_o_preview_1.jpg" tilesize="953" tilevrurl="images/R0020027_HDR-Edit_RGB_color_0000_ovr.jpg" prev3url="images/R0020027_HDR-Edit_RGB_color_0000_o_preview_3.jpg" tile2url="images/R0020027_HDR-Edit_RGB_color_0000_o_2.jpg" tile3url="images/R0020027_HDR-Edit_RGB_color_0000_o_3.jpg" prev2url="images/R0020027_HDR-Edit_RGB_color_0000_o_preview_2.jpg" tile5url="images/R0020027_HDR-Edit_RGB_color_0000_o_5.jpg" levelingroll="0" tile0url="images/R0020027_HDR-Edit_RGB_color_0000_o_0.jpg" prev4url="images/R0020027_HDR-Edit_RGB_color_0000_o_preview_4.jpg" levelingpitch="0" tilescale="1.010493" tile4url="images/R0020027_HDR-Edit_RGB_color_0000_o_4.jpg" prev0url="images/R0020027_HDR-Edit_RGB_color_0000_o_preview_0.jpg" prev5url="images/R0020027_HDR-Edit_RGB_color_0000_o_preview_5.jpg">
      <preview color="0x808080"/>
    </input>
    <view fovmode="0" pannorth="270.76">
      <start pan="-30" tilt="0" projection="4" fov="80"/>
      <flyin pan="0" tilt="-90" projection="9" fov="170"/>
      <min pan="0" tilt="-80" fov="80"/>
      <max pan="360" tilt="70" fovfisheye="360" scaletofit="1" fov="80" fovstereographic="270"/>
    </view>
    <userdata copyright="" tags="2060 03 Post Processed" datetime="2021-01-28 1:40 PM" author="" title="THETA_PITCH=1.33 THETA_ROLL=359.36" latitude="" nodeid="node9" description="" longitude="" source="" comment="" info="" heading="270.76" customnodeid=""/>
    <hotspots wordwrap="1" height="20" width="180">
      <label enabled="1" backgroundalpha="1" borderradius="1" backgroundcolor="0xffffff" textalpha="1" wordwrap="1" height="20" textcolor="0x000000" background="1" border="1" bordercolor="0x000000" width="180" borderalpha="1"/>
      <polystyle handcursor="1" backgroundalpha="0.25098" backgroundcolor="0x0000ff" mode="0" bordercolor="0x0000ff" borderalpha="1"/>
      <hotspot target="" pan="-238.81" skinid="ht_node" tilt="0" url="{node7}" title="THETA_PITCH=0.58 THETA_ROLL=359.51" id="Point01" description=""/>
    </hotspots>
    <media/>
    <transition zoomin="0" zoomoutpause="1" blendcolor="0x000000" enabled="1" zoomafterinfov="90" zoomfov="20" zoomout="0" zoomafteroutfov="20" softedge="0" zoomspeed="2" type="crossdissolve" blendtime="1"/>
    <animation useinautorotation="0" animsequence="Animation01" syncanimationwithvideo="0"/>
    <control contextprojections="0" hideabout="1" rubberband="0" invertwheel="0" lockedwheel="0" lockedkeyboard="0" contextfullscreen="1" invertcontrol="1" lockedkeyboardzoom="0" lockedmouse="0" sensitivity="8" simulatemass="1" dblclickfullscreen="0" speedwheel="1"/>
  </panorama>
  <panorama hideabout="1" id="node10">
    <input tile1url="images/R0020028_HDR-Edit_o_1.jpg" prev1url="images/R0020028_HDR-Edit_o_preview_1.jpg" tilesize="953" tilevrurl="images/R0020028_HDR-Edit_ovr.jpg" prev3url="images/R0020028_HDR-Edit_o_preview_3.jpg" tile2url="images/R0020028_HDR-Edit_o_2.jpg" tile3url="images/R0020028_HDR-Edit_o_3.jpg" prev2url="images/R0020028_HDR-Edit_o_preview_2.jpg" tile5url="images/R0020028_HDR-Edit_o_5.jpg" levelingroll="0" tile0url="images/R0020028_HDR-Edit_o_0.jpg" prev4url="images/R0020028_HDR-Edit_o_preview_4.jpg" levelingpitch="0" tilescale="1.010493" tile4url="images/R0020028_HDR-Edit_o_4.jpg" prev0url="images/R0020028_HDR-Edit_o_preview_0.jpg" prev5url="images/R0020028_HDR-Edit_o_preview_5.jpg">
      <preview color="0x808080"/>
    </input>
    <view fovmode="0" pannorth="32.87">
      <start pan="40" tilt="0" projection="4" fov="80"/>
      <flyin pan="0" tilt="-90" projection="9" fov="170"/>
      <min pan="0" tilt="-80" fov="80"/>
      <max pan="360" tilt="70" fovfisheye="360" scaletofit="1" fov="80" fovstereographic="270"/>
    </view>
    <userdata copyright="" tags="2060 03 Post Processed" datetime="2021-01-28 1:41 PM" author="" title="THETA_PITCH=0.95 THETA_ROLL=359.65" latitude="" nodeid="node10" description="" longitude="" source="" comment="" info="" heading="32.87" customnodeid=""/>
    <hotspots wordwrap="1" height="20" width="180">
      <label enabled="1" backgroundalpha="1" borderradius="1" backgroundcolor="0xffffff" textalpha="1" wordwrap="1" height="20" textcolor="0x000000" background="1" border="1" bordercolor="0x000000" width="180" borderalpha="1"/>
      <polystyle handcursor="1" backgroundalpha="0.25098" backgroundcolor="0x0000ff" mode="0" bordercolor="0x0000ff" borderalpha="1"/>
      <hotspot target="" pan="-97.8" skinid="ht_node" tilt="0" url="{node7}" title="THETA_PITCH=0.58 THETA_ROLL=359.51" id="Point01" description=""/>
    </hotspots>
    <media/>
    <transition zoomin="0" zoomoutpause="1" blendcolor="0x000000" enabled="1" zoomafterinfov="90" zoomfov="20" zoomout="0" zoomafteroutfov="20" softedge="0" zoomspeed="2" type="crossdissolve" blendtime="1"/>
    <animation useinautorotation="0" animsequence="Animation01" syncanimationwithvideo="0"/>
    <control contextprojections="0" hideabout="1" rubberband="0" invertwheel="0" lockedwheel="0" lockedkeyboard="0" contextfullscreen="1" invertcontrol="1" lockedkeyboardzoom="0" lockedmouse="0" sensitivity="8" simulatemass="1" dblclickfullscreen="0" speedwheel="1"/>
  </panorama>
  <panorama hideabout="1" id="node11">
    <input tile1url="images/R0020029_HDR-Edit_RGB_color_0000_o_1.jpg" prev1url="images/R0020029_HDR-Edit_RGB_color_0000_o_preview_1.jpg" tilesize="953" tilevrurl="images/R0020029_HDR-Edit_RGB_color_0000_ovr.jpg" prev3url="images/R0020029_HDR-Edit_RGB_color_0000_o_preview_3.jpg" tile2url="images/R0020029_HDR-Edit_RGB_color_0000_o_2.jpg" tile3url="images/R0020029_HDR-Edit_RGB_color_0000_o_3.jpg" prev2url="images/R0020029_HDR-Edit_RGB_color_0000_o_preview_2.jpg" tile5url="images/R0020029_HDR-Edit_RGB_color_0000_o_5.jpg" levelingroll="0" tile0url="images/R0020029_HDR-Edit_RGB_color_0000_o_0.jpg" prev4url="images/R0020029_HDR-Edit_RGB_color_0000_o_preview_4.jpg" levelingpitch="0" tilescale="1.010493" tile4url="images/R0020029_HDR-Edit_RGB_color_0000_o_4.jpg" prev0url="images/R0020029_HDR-Edit_RGB_color_0000_o_preview_0.jpg" prev5url="images/R0020029_HDR-Edit_RGB_color_0000_o_preview_5.jpg">
      <preview color="0x808080"/>
    </input>
    <view fovmode="0" pannorth="35.66">
      <start pan="-20" tilt="0" projection="4" fov="80"/>
      <flyin pan="0" tilt="-90" projection="9" fov="170"/>
      <min pan="0" tilt="-80" fov="80"/>
      <max pan="360" tilt="70" fovfisheye="360" scaletofit="1" fov="80" fovstereographic="270"/>
    </view>
    <userdata copyright="" tags="2060 03 Post Processed" datetime="2021-01-28 1:42 PM" author="" title="THETA_PITCH=0.37 THETA_ROLL=359.13" latitude="" nodeid="node11" description="" longitude="" source="" comment="" info="" heading="35.66" customnodeid=""/>
    <hotspots wordwrap="1" height="20" width="180">
      <label enabled="1" backgroundalpha="1" borderradius="1" backgroundcolor="0xffffff" textalpha="1" wordwrap="1" height="20" textcolor="0x000000" background="1" border="1" bordercolor="0x000000" width="180" borderalpha="1"/>
      <polystyle handcursor="1" backgroundalpha="0.25098" backgroundcolor="0x0000ff" mode="0" bordercolor="0x0000ff" borderalpha="1"/>
      <hotspot target="" pan="-175.67" skinid="ht_node" tilt="0" url="{node7}" title="THETA_PITCH=0.58 THETA_ROLL=359.51" id="Point01" description=""/>
      <hotspot target="" pan="-356.19" skinid="ht_node" tilt="0" url="{node12}" title="THETA_PITCH=0.90 THETA_ROLL=359.40" id="Point02" description=""/>
    </hotspots>
    <media/>
    <transition zoomin="0" zoomoutpause="1" blendcolor="0x000000" enabled="1" zoomafterinfov="90" zoomfov="20" zoomout="0" zoomafteroutfov="20" softedge="0" zoomspeed="2" type="crossdissolve" blendtime="1"/>
    <animation useinautorotation="0" animsequence="Animation01" syncanimationwithvideo="0"/>
    <control contextprojections="0" hideabout="1" rubberband="0" invertwheel="0" lockedwheel="0" lockedkeyboard="0" contextfullscreen="1" invertcontrol="1" lockedkeyboardzoom="0" lockedmouse="0" sensitivity="8" simulatemass="1" dblclickfullscreen="0" speedwheel="1"/>
  </panorama>
  <panorama hideabout="1" id="node12">
    <input tile1url="images/R0020030_HDR-Edit_RGB_color_0000_o_1.jpg" prev1url="images/R0020030_HDR-Edit_RGB_color_0000_o_preview_1.jpg" tilesize="953" tilevrurl="images/R0020030_HDR-Edit_RGB_color_0000_ovr.jpg" prev3url="images/R0020030_HDR-Edit_RGB_color_0000_o_preview_3.jpg" tile2url="images/R0020030_HDR-Edit_RGB_color_0000_o_2.jpg" tile3url="images/R0020030_HDR-Edit_RGB_color_0000_o_3.jpg" prev2url="images/R0020030_HDR-Edit_RGB_color_0000_o_preview_2.jpg" tile5url="images/R0020030_HDR-Edit_RGB_color_0000_o_5.jpg" levelingroll="0" tile0url="images/R0020030_HDR-Edit_RGB_color_0000_o_0.jpg" prev4url="images/R0020030_HDR-Edit_RGB_color_0000_o_preview_4.jpg" levelingpitch="0" tilescale="1.010493" tile4url="images/R0020030_HDR-Edit_RGB_color_0000_o_4.jpg" prev0url="images/R0020030_HDR-Edit_RGB_color_0000_o_preview_0.jpg" prev5url="images/R0020030_HDR-Edit_RGB_color_0000_o_preview_5.jpg">
      <preview color="0x808080"/>
    </input>
    <view fovmode="0" pannorth="28.39">
      <start pan="-60" tilt="0" projection="4" fov="80"/>
      <flyin pan="0" tilt="-90" projection="9" fov="170"/>
      <min pan="0" tilt="-80" fov="80"/>
      <max pan="360" tilt="70" fovfisheye="360" scaletofit="1" fov="80" fovstereographic="270"/>
    </view>
    <userdata copyright="" tags="2060 03 Post Processed" datetime="2021-01-28 1:43 PM" author="" title="THETA_PITCH=0.90 THETA_ROLL=359.40" latitude="" nodeid="node12" description="" longitude="" source="" comment="" info="" heading="28.39" customnodeid=""/>
    <hotspots wordwrap="1" height="20" width="180">
      <label enabled="1" backgroundalpha="1" borderradius="1" backgroundcolor="0xffffff" textalpha="1" wordwrap="1" height="20" textcolor="0x000000" background="1" border="1" bordercolor="0x000000" width="180" borderalpha="1"/>
      <polystyle handcursor="1" backgroundalpha="0.25098" backgroundcolor="0x0000ff" mode="0" bordercolor="0x0000ff" borderalpha="1"/>
      <hotspot target="" pan="-181.69" skinid="ht_node" tilt="0" url="{node11}" title="THETA_PITCH=0.37 THETA_ROLL=359.13" id="Point01" description=""/>
      <hotspot target="" pan="-227.59" skinid="ht_node" tilt="0" url="{node13}" title="THETA_PITCH=0.58 THETA_ROLL=359.31" id="Point02" description=""/>
    </hotspots>
    <media/>
    <transition zoomin="0" zoomoutpause="1" blendcolor="0x000000" enabled="1" zoomafterinfov="90" zoomfov="20" zoomout="0" zoomafteroutfov="20" softedge="0" zoomspeed="2" type="crossdissolve" blendtime="1"/>
    <animation useinautorotation="0" animsequence="Animation01" syncanimationwithvideo="0"/>
    <control contextprojections="0" hideabout="1" rubberband="0" invertwheel="0" lockedwheel="0" lockedkeyboard="0" contextfullscreen="1" invertcontrol="1" lockedkeyboardzoom="0" lockedmouse="0" sensitivity="8" simulatemass="1" dblclickfullscreen="0" speedwheel="1"/>
  </panorama>
  <panorama hideabout="1" id="node13">
    <input tile1url="images/R0020031_HDR-Edit_o_1.jpg" prev1url="images/R0020031_HDR-Edit_o_preview_1.jpg" tilesize="953" tilevrurl="images/R0020031_HDR-Edit_ovr.jpg" prev3url="images/R0020031_HDR-Edit_o_preview_3.jpg" tile2url="images/R0020031_HDR-Edit_o_2.jpg" tile3url="images/R0020031_HDR-Edit_o_3.jpg" prev2url="images/R0020031_HDR-Edit_o_preview_2.jpg" tile5url="images/R0020031_HDR-Edit_o_5.jpg" levelingroll="0" tile0url="images/R0020031_HDR-Edit_o_0.jpg" prev4url="images/R0020031_HDR-Edit_o_preview_4.jpg" levelingpitch="0" tilescale="1.010493" tile4url="images/R0020031_HDR-Edit_o_4.jpg" prev0url="images/R0020031_HDR-Edit_o_preview_0.jpg" prev5url="images/R0020031_HDR-Edit_o_preview_5.jpg">
      <preview color="0x808080"/>
    </input>
    <view fovmode="0" pannorth="35.95">
      <start pan="40" tilt="0" projection="4" fov="80"/>
      <flyin pan="0" tilt="-90" projection="9" fov="170"/>
      <min pan="0" tilt="-80" fov="80"/>
      <max pan="360" tilt="70" fovfisheye="360" scaletofit="1" fov="80" fovstereographic="270"/>
    </view>
    <userdata copyright="" tags="2060 03 Post Processed" datetime="2021-01-28 1:44 PM" author="" title="THETA_PITCH=0.58 THETA_ROLL=359.31" latitude="" nodeid="node13" description="" longitude="" source="" comment="" info="" heading="35.95" customnodeid=""/>
    <hotspots wordwrap="1" height="20" width="180">
      <label enabled="1" backgroundalpha="1" borderradius="1" backgroundcolor="0xffffff" textalpha="1" wordwrap="1" height="20" textcolor="0x000000" background="1" border="1" bordercolor="0x000000" width="180" borderalpha="1"/>
      <polystyle handcursor="1" backgroundalpha="0.25098" backgroundcolor="0x0000ff" mode="0" bordercolor="0x0000ff" borderalpha="1"/>
      <hotspot target="" pan="-66.46" skinid="ht_node" tilt="0" url="{node12}" title="THETA_PITCH=0.90 THETA_ROLL=359.40" id="Point01" description=""/>
    </hotspots>
    <media/>
    <transition zoomin="0" zoomoutpause="1" blendcolor="0x000000" enabled="1" zoomafterinfov="90" zoomfov="20" zoomout="0" zoomafteroutfov="20" softedge="0" zoomspeed="2" type="crossdissolve" blendtime="1"/>
    <animation useinautorotation="0" animsequence="Animation01" syncanimationwithvideo="0"/>
    <control contextprojections="0" hideabout="1" rubberband="0" invertwheel="0" lockedwheel="0" lockedkeyboard="0" contextfullscreen="1" invertcontrol="1" lockedkeyboardzoom="0" lockedmouse="0" sensitivity="8" simulatemass="1" dblclickfullscreen="0" speedwheel="1"/>
  </panorama>
  <panorama hideabout="1" id="node14">
    <input tile1url="images/R0020032_HDR-Edit_RGB_color_0000_o_1.jpg" prev1url="images/R0020032_HDR-Edit_RGB_color_0000_o_preview_1.jpg" tilesize="953" tilevrurl="images/R0020032_HDR-Edit_RGB_color_0000_ovr.jpg" prev3url="images/R0020032_HDR-Edit_RGB_color_0000_o_preview_3.jpg" tile2url="images/R0020032_HDR-Edit_RGB_color_0000_o_2.jpg" tile3url="images/R0020032_HDR-Edit_RGB_color_0000_o_3.jpg" prev2url="images/R0020032_HDR-Edit_RGB_color_0000_o_preview_2.jpg" tile5url="images/R0020032_HDR-Edit_RGB_color_0000_o_5.jpg" levelingroll="0" tile0url="images/R0020032_HDR-Edit_RGB_color_0000_o_0.jpg" prev4url="images/R0020032_HDR-Edit_RGB_color_0000_o_preview_4.jpg" levelingpitch="0" tilescale="1.010493" tile4url="images/R0020032_HDR-Edit_RGB_color_0000_o_4.jpg" prev0url="images/R0020032_HDR-Edit_RGB_color_0000_o_preview_0.jpg" prev5url="images/R0020032_HDR-Edit_RGB_color_0000_o_preview_5.jpg">
      <preview color="0x808080"/>
    </input>
    <view fovmode="0" pannorth="31.89">
      <start pan="30" tilt="0" projection="4" fov="80"/>
      <flyin pan="0" tilt="-90" projection="9" fov="170"/>
      <min pan="0" tilt="-80" fov="80"/>
      <max pan="360" tilt="70" fovfisheye="360" scaletofit="1" fov="80" fovstereographic="270"/>
    </view>
    <userdata copyright="" tags="2060 03 Post Processed" datetime="2021-01-28 1:45 PM" author="" title="THETA_PITCH=0.85 THETA_ROLL=0.01" latitude="" nodeid="node14" description="" longitude="" source="" comment="" info="" heading="31.89" customnodeid=""/>
    <hotspots wordwrap="1" height="20" width="180">
      <label enabled="1" backgroundalpha="1" borderradius="1" backgroundcolor="0xffffff" textalpha="1" wordwrap="1" height="20" textcolor="0x000000" background="1" border="1" bordercolor="0x000000" width="180" borderalpha="1"/>
      <polystyle handcursor="1" backgroundalpha="0.25098" backgroundcolor="0x0000ff" mode="0" bordercolor="0x0000ff" borderalpha="1"/>
      <hotspot target="" pan="-182.27" skinid="ht_node" tilt="0" url="{node15}" title="THETA_PITCH=0.97 THETA_ROLL=359.27" id="Point02" description=""/>
      <hotspot target="" pan="-292.55" skinid="ht_node" tilt="0" url="{node16}" title="THETA_PITCH=0.58 THETA_ROLL=359.01" id="Point03" description=""/>
      <hotspot target="" pan="-357.3" skinid="ht_node" tilt="-0.18" url="{node17}" title="THETA_PITCH=1.41 THETA_ROLL=359.55" id="Point04" description=""/>
      <hotspot target="" pan="-132.29" skinid="ht_upstairs" tilt="0" url="{node3}" title="THETA_PITCH=1.01 THETA_ROLL=359.50" id="Point01" description=""/>
    </hotspots>
    <media/>
    <transition zoomin="0" zoomoutpause="1" blendcolor="0x000000" enabled="1" zoomafterinfov="90" zoomfov="20" zoomout="0" zoomafteroutfov="20" softedge="0" zoomspeed="2" type="crossdissolve" blendtime="1"/>
    <animation useinautorotation="0" animsequence="Animation01" syncanimationwithvideo="0"/>
    <control contextprojections="0" hideabout="1" rubberband="0" invertwheel="0" lockedwheel="0" lockedkeyboard="0" contextfullscreen="1" invertcontrol="1" lockedkeyboardzoom="0" lockedmouse="0" sensitivity="8" simulatemass="1" dblclickfullscreen="0" speedwheel="1"/>
  </panorama>
  <panorama hideabout="1" id="node15">
    <input tile1url="images/R0020033_HDR-Edit_RGB_color_0000_o_1.jpg" prev1url="images/R0020033_HDR-Edit_RGB_color_0000_o_preview_1.jpg" tilesize="953" tilevrurl="images/R0020033_HDR-Edit_RGB_color_0000_ovr.jpg" prev3url="images/R0020033_HDR-Edit_RGB_color_0000_o_preview_3.jpg" tile2url="images/R0020033_HDR-Edit_RGB_color_0000_o_2.jpg" tile3url="images/R0020033_HDR-Edit_RGB_color_0000_o_3.jpg" prev2url="images/R0020033_HDR-Edit_RGB_color_0000_o_preview_2.jpg" tile5url="images/R0020033_HDR-Edit_RGB_color_0000_o_5.jpg" levelingroll="0" tile0url="images/R0020033_HDR-Edit_RGB_color_0000_o_0.jpg" prev4url="images/R0020033_HDR-Edit_RGB_color_0000_o_preview_4.jpg" levelingpitch="0" tilescale="1.010493" tile4url="images/R0020033_HDR-Edit_RGB_color_0000_o_4.jpg" prev0url="images/R0020033_HDR-Edit_RGB_color_0000_o_preview_0.jpg" prev5url="images/R0020033_HDR-Edit_RGB_color_0000_o_preview_5.jpg">
      <preview color="0x808080"/>
    </input>
    <view fovmode="0" pannorth="271.09">
      <start pan="-10" tilt="0" projection="4" fov="80"/>
      <flyin pan="0" tilt="-90" projection="9" fov="170"/>
      <min pan="0" tilt="-80" fov="80"/>
      <max pan="360" tilt="70" fovfisheye="360" scaletofit="1" fov="80" fovstereographic="270"/>
    </view>
    <userdata copyright="" tags="2060 03 Post Processed" datetime="2021-01-28 1:46 PM" author="" title="THETA_PITCH=0.97 THETA_ROLL=359.27" latitude="" nodeid="node15" description="" longitude="" source="" comment="" info="" heading="271.09" customnodeid=""/>
    <hotspots wordwrap="1" height="20" width="180">
      <label enabled="1" backgroundalpha="1" borderradius="1" backgroundcolor="0xffffff" textalpha="1" wordwrap="1" height="20" textcolor="0x000000" background="1" border="1" bordercolor="0x000000" width="180" borderalpha="1"/>
      <polystyle handcursor="1" backgroundalpha="0.25098" backgroundcolor="0x0000ff" mode="0" bordercolor="0x0000ff" borderalpha="1"/>
      <hotspot target="" pan="-163.4" skinid="ht_node" tilt="0" url="{node14}" title="THETA_PITCH=0.85 THETA_ROLL=0.01" id="Point01" description=""/>
    </hotspots>
    <media/>
    <transition zoomin="0" zoomoutpause="1" blendcolor="0x000000" enabled="1" zoomafterinfov="90" zoomfov="20" zoomout="0" zoomafteroutfov="20" softedge="0" zoomspeed="2" type="crossdissolve" blendtime="1"/>
    <animation useinautorotation="0" animsequence="Animation01" syncanimationwithvideo="0"/>
    <control contextprojections="0" hideabout="1" rubberband="0" invertwheel="0" lockedwheel="0" lockedkeyboard="0" contextfullscreen="1" invertcontrol="1" lockedkeyboardzoom="0" lockedmouse="0" sensitivity="8" simulatemass="1" dblclickfullscreen="0" speedwheel="1"/>
  </panorama>
  <panorama hideabout="1" id="node16">
    <input tile1url="images/R0020034_HDR-Edit_o_1.jpg" prev1url="images/R0020034_HDR-Edit_o_preview_1.jpg" tilesize="953" tilevrurl="images/R0020034_HDR-Edit_ovr.jpg" prev3url="images/R0020034_HDR-Edit_o_preview_3.jpg" tile2url="images/R0020034_HDR-Edit_o_2.jpg" tile3url="images/R0020034_HDR-Edit_o_3.jpg" prev2url="images/R0020034_HDR-Edit_o_preview_2.jpg" tile5url="images/R0020034_HDR-Edit_o_5.jpg" levelingroll="0" tile0url="images/R0020034_HDR-Edit_o_0.jpg" prev4url="images/R0020034_HDR-Edit_o_preview_4.jpg" levelingpitch="0" tilescale="1.010493" tile4url="images/R0020034_HDR-Edit_o_4.jpg" prev0url="images/R0020034_HDR-Edit_o_preview_0.jpg" prev5url="images/R0020034_HDR-Edit_o_preview_5.jpg">
      <preview color="0x808080"/>
    </input>
    <view fovmode="0" pannorth="23.78">
      <start pan="40" tilt="0" projection="4" fov="80"/>
      <flyin pan="0" tilt="-90" projection="9" fov="170"/>
      <min pan="0" tilt="-80" fov="80"/>
      <max pan="360" tilt="70" fovfisheye="360" scaletofit="1" fov="80" fovstereographic="270"/>
    </view>
    <userdata copyright="" tags="2060 03 Post Processed" datetime="2021-01-28 1:47 PM" author="" title="THETA_PITCH=0.58 THETA_ROLL=359.01" latitude="" nodeid="node16" description="" longitude="" source="" comment="" info="" heading="23.78" customnodeid=""/>
    <hotspots wordwrap="1" height="20" width="180">
      <label enabled="1" backgroundalpha="1" borderradius="1" backgroundcolor="0xffffff" textalpha="1" wordwrap="1" height="20" textcolor="0x000000" background="1" border="1" bordercolor="0x000000" width="180" borderalpha="1"/>
      <polystyle handcursor="1" backgroundalpha="0.25098" backgroundcolor="0x0000ff" mode="0" bordercolor="0x0000ff" borderalpha="1"/>
      <hotspot target="" pan="-84.53" skinid="ht_node" tilt="0" url="{node14}" title="THETA_PITCH=0.85 THETA_ROLL=0.01" id="Point01" description=""/>
    </hotspots>
    <media/>
    <transition zoomin="0" zoomoutpause="1" blendcolor="0x000000" enabled="1" zoomafterinfov="90" zoomfov="20" zoomout="0" zoomafteroutfov="20" softedge="0" zoomspeed="2" type="crossdissolve" blendtime="1"/>
    <animation useinautorotation="0" animsequence="Animation01" syncanimationwithvideo="0"/>
    <control contextprojections="0" hideabout="1" rubberband="0" invertwheel="0" lockedwheel="0" lockedkeyboard="0" contextfullscreen="1" invertcontrol="1" lockedkeyboardzoom="0" lockedmouse="0" sensitivity="8" simulatemass="1" dblclickfullscreen="0" speedwheel="1"/>
  </panorama>
  <panorama hideabout="1" id="node17">
    <input tile1url="images/R0020035_HDR-Edit_RGB_color_0000_o_1.jpg" prev1url="images/R0020035_HDR-Edit_RGB_color_0000_o_preview_1.jpg" tilesize="953" tilevrurl="images/R0020035_HDR-Edit_RGB_color_0000_ovr.jpg" prev3url="images/R0020035_HDR-Edit_RGB_color_0000_o_preview_3.jpg" tile2url="images/R0020035_HDR-Edit_RGB_color_0000_o_2.jpg" tile3url="images/R0020035_HDR-Edit_RGB_color_0000_o_3.jpg" prev2url="images/R0020035_HDR-Edit_RGB_color_0000_o_preview_2.jpg" tile5url="images/R0020035_HDR-Edit_RGB_color_0000_o_5.jpg" levelingroll="0" tile0url="images/R0020035_HDR-Edit_RGB_color_0000_o_0.jpg" prev4url="images/R0020035_HDR-Edit_RGB_color_0000_o_preview_4.jpg" levelingpitch="0" tilescale="1.010493" tile4url="images/R0020035_HDR-Edit_RGB_color_0000_o_4.jpg" prev0url="images/R0020035_HDR-Edit_RGB_color_0000_o_preview_0.jpg" prev5url="images/R0020035_HDR-Edit_RGB_color_0000_o_preview_5.jpg">
      <preview color="0x808080"/>
    </input>
    <view fovmode="0" pannorth="19.04">
      <start pan="0" tilt="0" projection="4" fov="80"/>
      <flyin pan="0" tilt="-90" projection="9" fov="170"/>
      <min pan="0" tilt="-80" fov="80"/>
      <max pan="360" tilt="70" fovfisheye="360" scaletofit="1" fov="80" fovstereographic="270"/>
    </view>
    <userdata copyright="" tags="2060 03 Post Processed" datetime="2021-01-28 1:48 PM" author="" title="THETA_PITCH=1.41 THETA_ROLL=359.55" latitude="" nodeid="node17" description="" longitude="" source="" comment="" info="" heading="19.04" customnodeid=""/>
    <hotspots wordwrap="1" height="20" width="180">
      <label enabled="1" backgroundalpha="1" borderradius="1" backgroundcolor="0xffffff" textalpha="1" wordwrap="1" height="20" textcolor="0x000000" background="1" border="1" bordercolor="0x000000" width="180" borderalpha="1"/>
      <polystyle handcursor="1" backgroundalpha="0.25098" backgroundcolor="0x0000ff" mode="0" bordercolor="0x0000ff" borderalpha="1"/>
      <hotspot target="" pan="-179.93" skinid="ht_node" tilt="0" url="{node14}" title="THETA_PITCH=0.85 THETA_ROLL=0.01" id="Point01" description=""/>
    </hotspots>
    <media/>
    <transition zoomin="0" zoomoutpause="1" blendcolor="0x000000" enabled="1" zoomafterinfov="90" zoomfov="20" zoomout="0" zoomafteroutfov="20" softedge="0" zoomspeed="2" type="crossdissolve" blendtime="1"/>
    <animation useinautorotation="0" animsequence="Animation01" syncanimationwithvideo="0"/>
    <control contextprojections="0" hideabout="1" rubberband="0" invertwheel="0" lockedwheel="0" lockedkeyboard="0" contextfullscreen="1" invertcontrol="1" lockedkeyboardzoom="0" lockedmouse="0" sensitivity="8" simulatemass="1" dblclickfullscreen="0" speedwheel="1"/>
  </panorama>
  <masternode>
    <userdata copyright="" tags="" datetime="" author="" title="" latitude="" nodeid="master" description="" longitude="" source="" comment="" info="" heading="0" customnodeid=""/>
  </masternode>
</tour>
